Subject Number,Subject,Review Board,Subject Area,Scientific Discipline,Fachnummer,Fach,Fachkollegium,Fachgebiet,Wissenschaftsbereich
111-01,Prehistory and World Archaeology,"111
Ancient Cultures","11
Humanities","1 
Humanities and Social Sciences",111-01,Ur- und Frühgeschichte (weltweit),"111
Alte Kulturen","11
Geisteswissenschaften","1 
Geistes- und Sozialwissenschaften"
111-02,Greek and Latin Philology,"111
Ancient Cultures","11
Humanities","1 
Humanities and Social Sciences",111-02,Griechische und Lateinische Philologie,"111
Alte Kulturen","11
Geisteswissenschaften","1 
Geistes- und Sozialwissenschaften"
111-03,Ancient History,"111
Ancient Cultures","11
Humanities","1 
Humanities and Social Sciences",111-03,Alte Geschichte,"111
Alte Kulturen","11
Geisteswissenschaften","1 
Geistes- und Sozialwissenschaften"
111-04,"Classical, Roman, Christian and Islamic Archaeology","111
Ancient Cultures","11
Humanities","1 
Humanities and Social Sciences",111-04,"Klassische, Provinzialrömische, Christliche und Islamische Archäologie","111
Alte Kulturen","11
Geisteswissenschaften","1 
Geistes- und Sozialwissenschaften"
111-05,Egyptology and Ancient Near Eastern Studies,"111
Ancient Cultures","11
Humanities","1 
Humanities and Social Sciences",111-05,Ägyptische und Vorderasiatische Altertumswissenschaften,"111
Alte Kulturen","11
Geisteswissenschaften","1 
Geistes- und Sozialwissenschaften"
112-01,Medieval History,"112 
History","11
Humanities","1 
Humanities and Social Sciences",112-01,Mittelalterliche Geschichte,"112 
Geschichtswissenschaften","11
Geisteswissenschaften","1 
Geistes- und Sozialwissenschaften"
112-02,Early Modern History,"112 
History","11
Humanities","1 
Humanities and Social Sciences",112-02,Frühneuzeitliche Geschichte,"112 
Geschichtswissenschaften","11
Geisteswissenschaften","1 
Geistes- und Sozialwissenschaften"
112-03,Modern and Contemporary History,"112 
History","11
Humanities","1 
Humanities and Social Sciences",112-03,Neuere und Neueste Geschichte (einschl. Europäische Geschichte der Neuzeit und Außereuropäische Geschichte),"112 
Geschichtswissenschaften","11
Geisteswissenschaften","1 
Geistes- und Sozialwissenschaften"
112-04,History of Science,"112 
History","11
Humanities","1 
Humanities and Social Sciences",112-04,Wissenschaftsgeschichte,"112 
Geschichtswissenschaften","11
Geisteswissenschaften","1 
Geistes- und Sozialwissenschaften"
113-01,Art History,"113
Art History, Music, Theatre and Media Studies","11
Humanities","1 
Humanities and Social Sciences",113-01,Kunstgeschichte,"113
Kunst-, Musik-, Theater- und Medienwissenschaften","11
Geisteswissenschaften","1 
Geistes- und Sozialwissenschaften"
113-02,Musicology,"113
Art History, Music, Theatre and Media Studies","11
Humanities","1 
Humanities and Social Sciences",113-02,Musikwissenschaften,"113
Kunst-, Musik-, Theater- und Medienwissenschaften","11
Geisteswissenschaften","1 
Geistes- und Sozialwissenschaften"
113-03,Theatre and Media Studies,"113
Art History, Music, Theatre and Media Studies","11
Humanities","1 
Humanities and Social Sciences",113-03,Theater- und Medienwissenschaften,"113
Kunst-, Musik-, Theater- und Medienwissenschaften","11
Geisteswissenschaften","1 
Geistes- und Sozialwissenschaften"
114-01,"General and Comparative Linguistics, Experimental Linguistics, Typology, Non-European Languages","114
Linguistics","11
Humanities","1 
Humanities and Social Sciences",114-01,"Allgemeine und Vergleichende Sprachwissenschaft, Experimentelle Linguistik, Typologie, Außereuropäische Sprachen","114
Sprachwissenschaften","11
Geisteswissenschaften","1 
Geistes- und Sozialwissenschaften"
114-02,"Individual Linguistics, Historical Linguistics","114
Linguistics","11
Humanities","1 
Humanities and Social Sciences",114-02,"Einzelsprachenwissenschaften, Historische Linguistik","114
Sprachwissenschaften","11
Geisteswissenschaften","1 
Geistes- und Sozialwissenschaften"
114-03,"Applied Linguistics, Computational Linguistics","114
Linguistics","11
Humanities","1 
Humanities and Social Sciences",114-03,"Angewandte Sprachwissenschaften, Computerlinguistik","114
Sprachwissenschaften","11
Geisteswissenschaften","1 
Geistes- und Sozialwissenschaften"
115-01,German Medieval Studies (Medieval German Literature),"115 
Literary Studies","11
Humanities","1 
Humanities and Social Sciences",115-01,Germanistische Mediävistik (Ältere deutsche Literatur),"115 
Literaturwissenschaft","11
Geisteswissenschaften","1 
Geistes- und Sozialwissenschaften"
115-02,German Literary and Cultural Studies (Modern German Literature),"115 
Literary Studies","11
Humanities","1 
Humanities and Social Sciences",115-02,Germanistische Literatur-und Kulturwissenschaften (Neuere deutsche Literatur),"115 
Literaturwissenschaft","11
Geisteswissenschaften","1 
Geistes- und Sozialwissenschaften"
115-03,European and American Literary and Cultural Studies,"115 
Literary Studies","11
Humanities","1 
Humanities and Social Sciences",115-03,Europäische und Amerikanische Literatur- und Kulturwissenschaften,"115 
Literaturwissenschaft","11
Geisteswissenschaften","1 
Geistes- und Sozialwissenschaften"
115-04,General and Comparative Literary Studies; Cultural Studies,"115 
Literary Studies","11
Humanities","1 
Humanities and Social Sciences",115-04,Allgemeine und vergleichende Literaturwissenschaft; Kulturwissenschaft,"115 
Literaturwissenschaft","11
Geisteswissenschaften","1 
Geistes- und Sozialwissenschaften"
116-01,Social and Cultural Anthropology and Ethnology,"116 
Social and Cultural Anthropology, Non-European Cultures, Jewish Studies and Religious Studies","11
Humanities","1 
Humanities and Social Sciences",116-01,Ethnologie und Europäische Ethnologie,"116 
Sozial- und Kulturanthropologie, Außereuropäische Kulturen, Judaistik und Religionswissenschaft","11
Geisteswissenschaften","1 
Geistes- und Sozialwissenschaften"
116-02,Asian Studies,"116 
Social and Cultural Anthropology, Non-European Cultures, Jewish Studies and Religious Studies","11
Humanities","1 
Humanities and Social Sciences",116-02,Asienbezogene Wissenschaften,"116 
Sozial- und Kulturanthropologie, Außereuropäische Kulturen, Judaistik und Religionswissenschaft","11
Geisteswissenschaften","1 
Geistes- und Sozialwissenschaften"
116-03,"African, American and Oceania Studies","116 
Social and Cultural Anthropology, Non-European Cultures, Jewish Studies and Religious Studies","11
Humanities","1 
Humanities and Social Sciences",116-03,"Afrika-, Amerika- und Ozeanienbezogene Wissenschaften","116 
Sozial- und Kulturanthropologie, Außereuropäische Kulturen, Judaistik und Religionswissenschaft","11
Geisteswissenschaften","1 
Geistes- und Sozialwissenschaften"
116-04,"Islamic Studies, Arabian Studies, Semitic Studies","116 
Social and Cultural Anthropology, Non-European Cultures, Jewish Studies and Religious Studies","11
Humanities","1 
Humanities and Social Sciences",116-04,"Islamwissenschaft, Arabistik, Semitistik","116 
Sozial- und Kulturanthropologie, Außereuropäische Kulturen, Judaistik und Religionswissenschaft","11
Geisteswissenschaften","1 
Geistes- und Sozialwissenschaften"
116-05,Religious Studies and Jewish Studies,"116 
Social and Cultural Anthropology, Non-European Cultures, Jewish Studies and Religious Studies","11
Humanities","1 
Humanities and Social Sciences",116-05,Religionswissenschaft und Judaistik,"116 
Sozial- und Kulturanthropologie, Außereuropäische Kulturen, Judaistik und Religionswissenschaft","11
Geisteswissenschaften","1 
Geistes- und Sozialwissenschaften"
117-01,Protestant Theology,"117 
Theology","11
Humanities","1 
Humanities and Social Sciences",117-01,Evangelische Theologie,"117 
Theologie","11
Geisteswissenschaften","1 
Geistes- und Sozialwissenschaften"
117-02,Roman Catholic Theology,"117 
Theology","11
Humanities","1 
Humanities and Social Sciences",117-02,Katholische Theologie,"117 
Theologie","11
Geisteswissenschaften","1 
Geistes- und Sozialwissenschaften"
118-01,History of Philosophy,"118 
Philosophy","11
Humanities","1 
Humanities and Social Sciences",118-01,Geschichte der Philosophie,"118 
Philosophie","11
Geisteswissenschaften","1 
Geistes- und Sozialwissenschaften"
118-02,Theoretical Philosophy,"118 
Philosophy","11
Humanities","1 
Humanities and Social Sciences",118-02,Theoretische Philosophie,"118 
Philosophie","11
Geisteswissenschaften","1 
Geistes- und Sozialwissenschaften"
118-03,Practical Philosophy,"118 
Philosophy","11
Humanities","1 
Humanities and Social Sciences",118-03,Praktische Philosophie,"118 
Philosophie","11
Geisteswissenschaften","1 
Geistes- und Sozialwissenschaften"
121-01,General Education and History of Education,"121
Educational Research","12
Social and Behavioural Sciences","1 
Humanities and Social Sciences",121-01,Allgemeine und Historische Erziehungswissenschaft,"121
Erziehungswissenschaft und Bildungsforschung","12
Sozial- und Verhaltenswissenschaften","1 
Geistes- und Sozialwissenschaften"
121-02,General and Domain-Specific Teaching and Learning,"121
Educational Research","12
Social and Behavioural Sciences","1 
Humanities and Social Sciences",121-02,Allgemeines und fachbezogenes Lehren und Lernen,"121
Erziehungswissenschaft und Bildungsforschung","12
Sozial- und Verhaltenswissenschaften","1 
Geistes- und Sozialwissenschaften"
121-03,Education Systems and Educational Institutions,"121
Educational Research","12
Social and Behavioural Sciences","1 
Humanities and Social Sciences",121-03,Bildungssysteme und Bildungsinstitutionen,"121
Erziehungswissenschaft und Bildungsforschung","12
Sozial- und Verhaltenswissenschaften","1 
Geistes- und Sozialwissenschaften"
121-04,"Educational Research on Socialisation, Welfare and Professionalism","121
Educational Research","12
Social and Behavioural Sciences","1 
Humanities and Social Sciences",121-04,Erziehungswissenschaftliche Sozialisations- und Professionalitätsforschung,"121
Erziehungswissenschaft und Bildungsforschung","12
Sozial- und Verhaltenswissenschaften","1 
Geistes- und Sozialwissenschaften"
122-01,"General, Cognitive and Mathematical Psychology","122
Psychology","12
Social and Behavioural Sciences","1 
Humanities and Social Sciences",122-01,"Allgemeine, Kognitive und Mathematische Psychologie","122
Psychologie","12
Sozial- und Verhaltenswissenschaften","1 
Geistes- und Sozialwissenschaften"
122-02,Biological Psychology and Cognitive Neuroscience,"122
Psychology","12
Social and Behavioural Sciences","1 
Humanities and Social Sciences",122-02,Biologische Psychologie und Kognitive Neurowissenschaften,"122
Psychologie","12
Sozial- und Verhaltenswissenschaften","1 
Geistes- und Sozialwissenschaften"
122-03,Developmental and Educational Psychology,"122
Psychology","12
Social and Behavioural Sciences","1 
Humanities and Social Sciences",122-03,Entwicklungspsychologie und Pädagogische Psychologie,"122
Psychologie","12
Sozial- und Verhaltenswissenschaften","1 
Geistes- und Sozialwissenschaften"
122-04,"Social Psychology, Industrial and Organisational Psychology","122
Psychology","12
Social and Behavioural Sciences","1 
Humanities and Social Sciences",122-04,Sozialpsychologie und Arbeits- und Organisationspsychologie,"122
Psychologie","12
Sozial- und Verhaltenswissenschaften","1 
Geistes- und Sozialwissenschaften"
122-05,"Personality Psychology, Clinical and Medical Psychology, Methodology","122
Psychology","12
Social and Behavioural Sciences","1 
Humanities and Social Sciences",122-05,"Persönlichkeitspsychologie, Klinische und Medizinische Psychologie, Methoden","122
Psychologie","12
Sozial- und Verhaltenswissenschaften","1 
Geistes- und Sozialwissenschaften"
123-01,Sociological Theory,"123
Social Sciences","12
Social and Behavioural Sciences","1 
Humanities and Social Sciences",123-01,Soziologische Theorie,"123
Sozialwissenschaften","12
Sozial- und Verhaltenswissenschaften","1 
Geistes- und Sozialwissenschaften"
123-02,Empirical Social Research,"123
Social Sciences","12
Social and Behavioural Sciences","1 
Humanities and Social Sciences",123-02,Empirische Sozialforschung,"123
Sozialwissenschaften","12
Sozial- und Verhaltenswissenschaften","1 
Geistes- und Sozialwissenschaften"
123-03,Communication Sciences,"123
Social Sciences","12
Social and Behavioural Sciences","1 
Humanities and Social Sciences",123-03,Publizistik und Kommunikationswissenschaft,"123
Sozialwissenschaften","12
Sozial- und Verhaltenswissenschaften","1 
Geistes- und Sozialwissenschaften"
123-04,Political Science,"123
Social Sciences","12
Social and Behavioural Sciences","1 
Humanities and Social Sciences",123-04,Politikwissenschaft,"123
Sozialwissenschaften","12
Sozial- und Verhaltenswissenschaften","1 
Geistes- und Sozialwissenschaften"
124-01,Economic Theory,"124
Economics","12
Social and Behavioural Sciences","1 
Humanities and Social Sciences",124-01,Wirtschaftstheorie,"124
Wirtschaftswissenschaften","12
Sozial- und Verhaltenswissenschaften","1 
Geistes- und Sozialwissenschaften"
124-02,"Economic Policy, Applied Economics","124
Economics","12
Social and Behavioural Sciences","1 
Humanities and Social Sciences",124-02,"Wirtschaftspolitik, Angewandte Volkswirtschaftslehre","124
Wirtschaftswissenschaften","12
Sozial- und Verhaltenswissenschaften","1 
Geistes- und Sozialwissenschaften"
124-03,Accounting und Finance,"124
Economics","12
Social and Behavioural Sciences","1 
Humanities and Social Sciences",124-03,Accounting und Finance,"124
Wirtschaftswissenschaften","12
Sozial- und Verhaltenswissenschaften","1 
Geistes- und Sozialwissenschaften"
124-04,Management and Marketing,"124
Economics","12
Social and Behavioural Sciences","1 
Humanities and Social Sciences",124-04,Management und Marketing,"124
Wirtschaftswissenschaften","12
Sozial- und Verhaltenswissenschaften","1 
Geistes- und Sozialwissenschaften"
124-05,Operations Management and Computer Science for Business Administration,"124
Economics","12
Social and Behavioural Sciences","1 
Humanities and Social Sciences",124-05,Operations Management und BWL-spezifische Wirtschaftsinformatik,"124
Wirtschaftswissenschaften","12
Sozial- und Verhaltenswissenschaften","1 
Geistes- und Sozialwissenschaften"
124-06,Statistics and Econometrics,"124
Economics","12
Social and Behavioural Sciences","1 
Humanities and Social Sciences",124-06,Statistik und Ökonometrie,"124
Wirtschaftswissenschaften","12
Sozial- und Verhaltenswissenschaften","1 
Geistes- und Sozialwissenschaften"
124-07,Economic and Social History,"124
Economics","12
Social and Behavioural Sciences","1 
Humanities and Social Sciences",124-07,Wirtschafts- und Sozialgeschichte,"124
Wirtschaftswissenschaften","12
Sozial- und Verhaltenswissenschaften","1 
Geistes- und Sozialwissenschaften"
125-01,Principles of Law and Jurisprudence,"125
Jurisprudence","12
Social and Behavioural Sciences","1 
Humanities and Social Sciences",125-01,Grundlagen des Rechts und der Rechtswissenschaft,"125
Rechtswissenschaften","12
Sozial- und Verhaltenswissenschaften","1 
Geistes- und Sozialwissenschaften"
125-02,Private Law,"125
Jurisprudence","12
Social and Behavioural Sciences","1 
Humanities and Social Sciences",125-02,Privatrecht,"125
Rechtswissenschaften","12
Sozial- und Verhaltenswissenschaften","1 
Geistes- und Sozialwissenschaften"
125-03,Public Law,"125
Jurisprudence","12
Social and Behavioural Sciences","1 
Humanities and Social Sciences",125-03,Öffentliches Recht,"125
Rechtswissenschaften","12
Sozial- und Verhaltenswissenschaften","1 
Geistes- und Sozialwissenschaften"
125-04,Criminal Law,"125
Jurisprudence","12
Social and Behavioural Sciences","1 
Humanities and Social Sciences",125-04,Strafrecht,"125
Rechtswissenschaften","12
Sozial- und Verhaltenswissenschaften","1 
Geistes- und Sozialwissenschaften"
125-05,Criminology,"125
Jurisprudence","12
Social and Behavioural Sciences","1 
Humanities and Social Sciences",125-05,Kriminologie,"125
Rechtswissenschaften","12
Sozial- und Verhaltenswissenschaften","1 
Geistes- und Sozialwissenschaften"
211-01,Biochemistry,"211 
Basic Research in Biology and Medicine","21 
Biology","2 
Life Sciences",211-01,Biochemie,"211 
Grundlagen der Biologie und Medizin","21 
Biologie","2 
Lebenswissenschaften"
211-02,Biophysics,"211 
Basic Research in Biology and Medicine","21 
Biology","2 
Life Sciences",211-02,Biophysik,"211 
Grundlagen der Biologie und Medizin","21 
Biologie","2 
Lebenswissenschaften"
211-03,Cell Biology,"211 
Basic Research in Biology and Medicine","21 
Biology","2 
Life Sciences",211-03,Zellbiologie,"211 
Grundlagen der Biologie und Medizin","21 
Biologie","2 
Lebenswissenschaften"
211-04,Structural Biology,"211 
Basic Research in Biology and Medicine","21 
Biology","2 
Life Sciences",211-04,Strukturbiologie,"211 
Grundlagen der Biologie und Medizin","21 
Biologie","2 
Lebenswissenschaften"
211-05,General Genetics and Functional Genome Biology,"211 
Basic Research in Biology and Medicine","21 
Biology","2 
Life Sciences",211-05,Allgemeine Genetik und funktionelle Genomforschung,"211 
Grundlagen der Biologie und Medizin","21 
Biologie","2 
Lebenswissenschaften"
211-06,Developmental Biology,"211 
Basic Research in Biology and Medicine","21 
Biology","2 
Life Sciences",211-06,Entwicklungsbiologie,"211 
Grundlagen der Biologie und Medizin","21 
Biologie","2 
Lebenswissenschaften"
211-07,Bioinformatics and Theoretical Biology,"211 
Basic Research in Biology and Medicine","21 
Biology","2 
Life Sciences",211-07,Bioinformatik und Theoretische Biologie,"211 
Grundlagen der Biologie und Medizin","21 
Biologie","2 
Lebenswissenschaften"
212-01,Evolution and Systematics of Plants and Fungi,"212 
Plant Sciences","21 
Biology","2 
Life Sciences",212-01,Evolution und Systematik der Pflanzen und Pilze,"212 
Pflanzenwissenschaften","21 
Biologie","2 
Lebenswissenschaften"
212-02,Ecology and Biodiversity of Plants and Ecosystems,"212 
Plant Sciences","21 
Biology","2 
Life Sciences",212-02,Ökologie und Biodiversität der Pflanzen und Ökosysteme,"212 
Pflanzenwissenschaften","21 
Biologie","2 
Lebenswissenschaften"
212-03,"Organismic Interactions, Chemical Ecology and Microbiomes of Plant Systems","212 
Plant Sciences","21 
Biology","2 
Life Sciences",212-03,"Organismische Interaktionen, chemische Ökologie und Mikrobiome pflanzlicher Systeme","212 
Pflanzenwissenschaften","21 
Biologie","2 
Lebenswissenschaften"
212-04,Plant Physiology,"212 
Plant Sciences","21 
Biology","2 
Life Sciences",212-04,Pflanzenphysiologie,"212 
Pflanzenwissenschaften","21 
Biologie","2 
Lebenswissenschaften"
212-05,Plant Biochemistry and Biophysics,"212 
Plant Sciences","21 
Biology","2 
Life Sciences",212-05,Biochemie und Biophysik der Pflanzen,"212 
Pflanzenwissenschaften","21 
Biologie","2 
Lebenswissenschaften"
212-06,Plant Cell and Developmental Biology,"212 
Plant Sciences","21 
Biology","2 
Life Sciences",212-06,Zell- und Entwicklungsbiologie der Pflanzen,"212 
Pflanzenwissenschaften","21 
Biologie","2 
Lebenswissenschaften"
212-07,Plant Genetics and Genomics,"212 
Plant Sciences","21 
Biology","2 
Life Sciences",212-07,Genetik und Genomik der Pflanzen,"212 
Pflanzenwissenschaften","21 
Biologie","2 
Lebenswissenschaften"
213-01,Systematics and Morphology (Zoology),"213 
Zoology","21 
Biology","2 
Life Sciences",213-01,Systematik und Morphologie der Tiere,"213 
Zoologie","21 
Biologie","2 
Lebenswissenschaften"
213-02,"Evolution, Anthropology","213 
Zoology","21 
Biology","2 
Life Sciences",213-02,"Evolution, Anthropologie","213 
Zoologie","21 
Biologie","2 
Lebenswissenschaften"
213-03,"Ecology and Biodiversity of Animals and Ecosystems, Organismic Interactions","213 
Zoology","21 
Biology","2 
Life Sciences",213-03,"Ökologie und Biodiversität der Tiere und Ökosysteme, Organismische Interaktionen","213 
Zoologie","21 
Biologie","2 
Lebenswissenschaften"
213-04,Sensory and Behavioural Biology,"213 
Zoology","21 
Biology","2 
Life Sciences",213-04,Biologie des Verhaltens und der Sinne,"213 
Zoologie","21 
Biologie","2 
Lebenswissenschaften"
213-05,Animal Physiology and Biochemistry,"213 
Zoology","21 
Biology","2 
Life Sciences",213-05,Biochemie und Physiologie der Tiere,"213 
Zoologie","21 
Biologie","2 
Lebenswissenschaften"
213-06,Evolutionary Cell and Developmental Biology (Zoology),"213 
Zoology","21 
Biology","2 
Life Sciences",213-06,Evolutionäre Zell- und Entwicklungsbiologie der Tiere,"213 
Zoologie","21 
Biologie","2 
Lebenswissenschaften"
221-01,"Metabolism, Biochemistry and Genetics of Microorganisms","221
Microbiology, Virology and Immunology","22 
Medicine","2 
Life Sciences",221-01,"Stoffwechselphysiologie, Biochemie und Genetik der Mikroorganismen","221
Mikrobiologie, Virologie und Immunologie","22 
Medizin","2 
Lebenswissenschaften"
221-02,Microbial Ecology and Applied Microbiology,"221
Microbiology, Virology and Immunology","22 
Medicine","2 
Life Sciences",221-02,Mikrobielle Ökologie und Angewandte Mikrobiologie,"221
Mikrobiologie, Virologie und Immunologie","22 
Medizin","2 
Lebenswissenschaften"
221-03,"Medical Microbiology and Mycology, Hygiene, Molecular Infection Biology","221
Microbiology, Virology and Immunology","22 
Medicine","2 
Life Sciences",221-03,"Medizinische Mikrobiologie und Mykologie, Hygiene, Molekulare Infektionsbiologie","221
Mikrobiologie, Virologie und Immunologie","22 
Medizin","2 
Lebenswissenschaften"
221-04,Virology,"221
Microbiology, Virology and Immunology","22 
Medicine","2 
Life Sciences",221-04,Virologie,"221
Mikrobiologie, Virologie und Immunologie","22 
Medizin","2 
Lebenswissenschaften"
221-05,Immunology,"221
Microbiology, Virology and Immunology","22 
Medicine","2 
Life Sciences",221-05,Immunologie,"221
Mikrobiologie, Virologie und Immunologie","22 
Medizin","2 
Lebenswissenschaften"
221-06,Parasitology and Biology of Tropical Infectious Disease Pathogens,"221
Microbiology, Virology and Immunology","22 
Medicine","2 
Life Sciences",221-06,Parasitologie und Biologie der Erreger tropischer Infektionskrankheiten,"221
Mikrobiologie, Virologie und Immunologie","22 
Medizin","2 
Lebenswissenschaften"
222-01,Epidemiology and Medical Biometry/Statistics,"222
Medicine","22 
Medicine","2 
Life Sciences",222-01,Epidemiologie und Medizinische Biometrie/Statistik,"222
Medizin","22 
Medizin","2 
Lebenswissenschaften"
222-02,"Public Heatlh, Healthcare Research, Social and Occupational Medicine","222
Medicine","22 
Medicine","2 
Life Sciences",222-02,"Public Health, Gesundheitsbezogene Versorgungsforschung, Sozial- und Arbeitsmedizin","222
Medizin","22 
Medizin","2 
Lebenswissenschaften"
222-03,Human Genetics,"222
Medicine","22 
Medicine","2 
Life Sciences",222-03,Humangenetik,"222
Medizin","22 
Medizin","2 
Lebenswissenschaften"
222-04,Anatomy and Physiology,"222
Medicine","22 
Medicine","2 
Life Sciences",222-04,Anatomie und Physiologie,"222
Medizin","22 
Medizin","2 
Lebenswissenschaften"
222-05,Nutritional Sciences,"222
Medicine","22 
Medicine","2 
Life Sciences",222-05,Ernährungswissenschaften,"222
Medizin","22 
Medizin","2 
Lebenswissenschaften"
222-06,Pathology,"222
Medicine","22 
Medicine","2 
Life Sciences",222-06,Pathologie,"222
Medizin","22 
Medizin","2 
Lebenswissenschaften"
222-07,Medical Informatics and Medical Bioinformatics,"222
Medicine","22 
Medicine","2 
Life Sciences",222-07,Medizininformatik und medizinische Bioinformatik,"222
Medizin","22 
Medizin","2 
Lebenswissenschaften"
222-08,Pharmacy,"222
Medicine","22 
Medicine","2 
Life Sciences",222-08,Pharmazie,"222
Medizin","22 
Medizin","2 
Lebenswissenschaften"
222-09,Pharmacology,"222
Medicine","22 
Medicine","2 
Life Sciences",222-09,Pharmakologie,"222
Medizin","22 
Medizin","2 
Lebenswissenschaften"
222-10,"Toxicology, Laboratory Medicine","222
Medicine","22 
Medicine","2 
Life Sciences",222-10,"Toxikologie, Laboratoriumsmedizin","222
Medizin","22 
Medizin","2 
Lebenswissenschaften"
222-11,Anaesthesiology,"222
Medicine","22 
Medicine","2 
Life Sciences",222-11,Anästhesiologie,"222
Medizin","22 
Medizin","2 
Lebenswissenschaften"
222-12,"Cardiology, Angiology","222
Medicine","22 
Medicine","2 
Life Sciences",222-12,"Kardiologie, Angiologie","222
Medizin","22 
Medizin","2 
Lebenswissenschaften"
222-13,"Pneumology, Thoracic Surgery","222
Medicine","22 
Medicine","2 
Life Sciences",222-13,"Pneumologie, Thoraxchirurgie","222
Medizin","22 
Medizin","2 
Lebenswissenschaften"
222-14,"Hematology, Oncology","222
Medicine","22 
Medicine","2 
Life Sciences",222-14,"Hämatologie, Onkologie","222
Medizin","22 
Medizin","2 
Lebenswissenschaften"
222-15,Gastroenterology,"222
Medicine","22 
Medicine","2 
Life Sciences",222-15,Gastroenterologie,"222
Medizin","22 
Medizin","2 
Lebenswissenschaften"
222-16,Nephrology,"222
Medicine","22 
Medicine","2 
Life Sciences",222-16,Nephrologie,"222
Medizin","22 
Medizin","2 
Lebenswissenschaften"
222-17,"Endocrinology, Diabetology, Metabolism","222
Medicine","22 
Medicine","2 
Life Sciences",222-17,"Endokrinologie, Diabetologie, Metabolismus","222
Medizin","22 
Medizin","2 
Lebenswissenschaften"
222-18,Rheumatology,"222
Medicine","22 
Medicine","2 
Life Sciences",222-18,Rheumatologie,"222
Medizin","22 
Medizin","2 
Lebenswissenschaften"
222-19,Dermatology,"222
Medicine","22 
Medicine","2 
Life Sciences",222-19,Dermatologie,"222
Medizin","22 
Medizin","2 
Lebenswissenschaften"
222-20,Pediatric and Adolescent Medicine,"222
Medicine","22 
Medicine","2 
Life Sciences",222-20,Kinder- und Jugendmedizin,"222
Medizin","22 
Medizin","2 
Lebenswissenschaften"
222-21,Gynaecology and Obstetrics,"222
Medicine","22 
Medicine","2 
Life Sciences",222-21,Gynäkologie und Geburtshilfe,"222
Medizin","22 
Medizin","2 
Lebenswissenschaften"
222-22,Clinical Immunology and Allergology,"222
Medicine","22 
Medicine","2 
Life Sciences",222-22,Klinische Immunologie und Allergologie,"222
Medizin","22 
Medizin","2 
Lebenswissenschaften"
222-23,"Reproductive Medicine, Urology","222
Medicine","22 
Medicine","2 
Life Sciences",222-23,"Reproduktionsmedizin, Urologie","222
Medizin","22 
Medizin","2 
Lebenswissenschaften"
222-24,Biogerontology and Geriatric Medicine,"222
Medicine","22 
Medicine","2 
Life Sciences",222-24,Gerontobiologie und Geriatrie,"222
Medizin","22 
Medizin","2 
Lebenswissenschaften"
222-25,General and Visceral Surgery,"222
Medicine","22 
Medicine","2 
Life Sciences",222-25,Allgemein- und Viszeralchirurgie,"222
Medizin","22 
Medizin","2 
Lebenswissenschaften"
222-26,Cardiac and Vascular Surgery,"222
Medicine","22 
Medicine","2 
Life Sciences",222-26,Herz- und Gefäßchirurgie,"222
Medizin","22 
Medizin","2 
Lebenswissenschaften"
222-27,"Orthopaedics, Traumatology, Reconstructive Surgery","222
Medicine","22 
Medicine","2 
Life Sciences",222-27,"Orthopädie, Unfallchirurgie, rekonstruktive Chirurgie","222
Medizin","22 
Medizin","2 
Lebenswissenschaften"
222-28,"Dentistry, Oral Surgery","222
Medicine","22 
Medicine","2 
Life Sciences",222-28,"Zahnheilkunde; Mund-, Kiefer- und Gesichtschirurgie","222
Medizin","22 
Medizin","2 
Lebenswissenschaften"
222-29,"Otolaryngology, Phoniatrics and Audiology","222
Medicine","22 
Medicine","2 
Life Sciences",222-29,"Hals-Nasen-Ohrenheilkunde, Phoniatrie und Audiologie","222
Medizin","22 
Medizin","2 
Lebenswissenschaften"
222-30,Radiology,"222
Medicine","22 
Medicine","2 
Life Sciences",222-30,Radiologie,"222
Medizin","22 
Medizin","2 
Lebenswissenschaften"
222-31,Clinical Infectiology and Tropical Medicine,"222
Medicine","22 
Medicine","2 
Life Sciences",222-31,Klinische Infektiologie und Tropenmedizin,"222
Medizin","22 
Medizin","2 
Lebenswissenschaften"
222-32,"Medical Physics, Biomedical Technology","222
Medicine","22 
Medicine","2 
Life Sciences",222-32,"Medizinische Physik, Biomedizinische Technik","222
Medizin","22 
Medizin","2 
Lebenswissenschaften"
222-33,"Nuclear Medicine, Radiotherapy, Radiobiology","222
Medicine","22 
Medicine","2 
Life Sciences",222-33,"Nuklearmedizin, Strahlentherapie, Strahlenbiologie","222
Medizin","22 
Medizin","2 
Lebenswissenschaften"
223-01,Developmental Neurobiology,"223
Neurosciences","22 
Medicine","2 
Life Sciences",223-01,Entwicklungsneurobiologie,"223
Neurowissenschaften","22 
Medizin","2 
Lebenswissenschaften"
223-02,Molecular Biology and Physiology of Neurons and Glial Cells,"223
Neurosciences","22 
Medicine","2 
Life Sciences",223-02,Molekulare Biologie und Physiologie von Nerven- und Gliazellen,"223
Neurowissenschaften","22 
Medizin","2 
Lebenswissenschaften"
223-03,Experimental and Theoretical Network Neuroscience,"223
Neurosciences","22 
Medicine","2 
Life Sciences",223-03,Experimentelle und theoretische Netzwerk-Neurowissenschaften,"223
Neurowissenschaften","22 
Medizin","2 
Lebenswissenschaften"
223-04,"Cognitive, Systems and Behavioural Neurobiology","223
Neurosciences","22 
Medicine","2 
Life Sciences",223-04,"Kognitive, systemische und Verhaltensneurobiologie","223
Neurowissenschaften","22 
Medizin","2 
Lebenswissenschaften"
223-05,Experimental Models for the Understanding of Nervous System Diseases,"223
Neurosciences","22 
Medicine","2 
Life Sciences",223-05,Experimentelle Modelle zum Verständnis von Erkrankungen des Nervensystems,"223
Neurowissenschaften","22 
Medizin","2 
Lebenswissenschaften"
223-06,Molecular and Cellular Neurology and Neuropathology,"223
Neurosciences","22 
Medicine","2 
Life Sciences",223-06,Molekulare und zelluläre Neurologie und Neuropathologie,"223
Neurowissenschaften","22 
Medizin","2 
Lebenswissenschaften"
223-07,Clinical Neurology; Neurosurgery and Neuroradiology,"223
Neurosciences","22 
Medicine","2 
Life Sciences",223-07,Klinische Neurologie; Neurochirurgie und Neuroradiologie,"223
Neurowissenschaften","22 
Medizin","2 
Lebenswissenschaften"
223-08,Human Cognitive and Systems Neuroscience,"223
Neurosciences","22 
Medicine","2 
Life Sciences",223-08,Kognitive und systemische Humanneurowissenschaften,"223
Neurowissenschaften","22 
Medizin","2 
Lebenswissenschaften"
223-09,Biological Psychiatry,"223
Neurosciences","22 
Medicine","2 
Life Sciences",223-09,Biologische Psychiatrie,"223
Neurowissenschaften","22 
Medizin","2 
Lebenswissenschaften"
223-10,"Clinical Psychiatry, Psychotherapy, Child and Adolescent Psychiatry","223
Neurosciences","22 
Medicine","2 
Life Sciences",223-10,"Klinische Psychiatrie, Psychotherapie und Kinder- und Jugendpsychiatrie","223
Neurowissenschaften","22 
Medizin","2 
Lebenswissenschaften"
223-11,Ophthalmology,"223
Neurosciences","22 
Medicine","2 
Life Sciences",223-11,Augenheilkunde,"223
Neurowissenschaften","22 
Medizin","2 
Lebenswissenschaften"
231-01,Soil Sciences,"231
Agriculture, Forestry and Veterinary Medicine","23 
Agriculture, Forestry and Veterinary Medicine","2 
Life Sciences",231-01,Bodenwissenschaften,"231
Agrar-, Forstwissenschaften und Tiermedizin","23 
Agrar-, Forstwissenschaften und Tiermedizin","2 
Lebenswissenschaften"
231-02,Plant Breeding and Plant Pathology,"231
Agriculture, Forestry and Veterinary Medicine","23 
Agriculture, Forestry and Veterinary Medicine","2 
Life Sciences",231-02,"Pflanzenzüchtung, Pflanzenpathologie","231
Agrar-, Forstwissenschaften und Tiermedizin","23 
Agrar-, Forstwissenschaften und Tiermedizin","2 
Lebenswissenschaften"
231-03,"Plant Cultivation, Plant Nutrition, Agricultural Technology","231
Agriculture, Forestry and Veterinary Medicine","23 
Agriculture, Forestry and Veterinary Medicine","2 
Life Sciences",231-03,"Pflanzenbau, Pflanzenernährung, Agrartechnik","231
Agrar-, Forstwissenschaften und Tiermedizin","23 
Agrar-, Forstwissenschaften und Tiermedizin","2 
Lebenswissenschaften"
231-04,Ecology of Land Use,"231
Agriculture, Forestry and Veterinary Medicine","23 
Agriculture, Forestry and Veterinary Medicine","2 
Life Sciences",231-04,Ökologie der Landnutzung,"231
Agrar-, Forstwissenschaften und Tiermedizin","23 
Agrar-, Forstwissenschaften und Tiermedizin","2 
Lebenswissenschaften"
231-05,"Agricultural Economics, Agricultural Policy, Agricultural Sociology","231
Agriculture, Forestry and Veterinary Medicine","23 
Agriculture, Forestry and Veterinary Medicine","2 
Life Sciences",231-05,"Agrarökonomie, Agrarpolitik, Agrarsoziologie","231
Agrar-, Forstwissenschaften und Tiermedizin","23 
Agrar-, Forstwissenschaften und Tiermedizin","2 
Lebenswissenschaften"
231-06,Forestry,"231
Agriculture, Forestry and Veterinary Medicine","23 
Agriculture, Forestry and Veterinary Medicine","2 
Life Sciences",231-06,Forstwissenschaften,"231
Agrar-, Forstwissenschaften und Tiermedizin","23 
Agrar-, Forstwissenschaften und Tiermedizin","2 
Lebenswissenschaften"
231-07,"Animal Breeding, Animal Nutrition, Animal Husbandry","231
Agriculture, Forestry and Veterinary Medicine","23 
Agriculture, Forestry and Veterinary Medicine","2 
Life Sciences",231-07,"Tierzucht, Tierernährung, Tierhaltung","231
Agrar-, Forstwissenschaften und Tiermedizin","23 
Agrar-, Forstwissenschaften und Tiermedizin","2 
Lebenswissenschaften"
231-08,Veterinary Medical Science,"231
Agriculture, Forestry and Veterinary Medicine","23 
Agriculture, Forestry and Veterinary Medicine","2 
Life Sciences",231-08,Tiermedizin,"231
Agrar-, Forstwissenschaften und Tiermedizin","23 
Agrar-, Forstwissenschaften und Tiermedizin","2 
Lebenswissenschaften"
311-01,Inorganic Molecular Chemistry - Synthesis and Characterisation,"311 
Molecular Chemistry","31 
Chemistry","3
Natural Sciences",311-01,"Anorganische Molekülchemie - Synthese, Charakterisierung","311 
Molekülchemie","31 
Chemie","3
Naturwissenschaften"
311-02,Organic Molecular Chemistry - Synthesis and Characterisation,"311 
Molecular Chemistry","31 
Chemistry","3
Natural Sciences",311-02,"Organische Molekülchemie - Synthese, Charakterisierung","311 
Molekülchemie","31 
Chemie","3
Naturwissenschaften"
312-01,"Solid State and Surface Chemistry, Material Synthesis","312
Chemical Solid State and Surface Research","31 
Chemistry","3
Natural Sciences",312-01,"Festkörper- und Oberflächenchemie, Materialsynthese","312 
Chemische Festkörper- und Oberflächenforschung","31 
Chemie","3
Naturwissenschaften"
312-02,"Physical Chemistry of Solids and Surfaces, Material Characterisation","312
Chemical Solid State and Surface Research","31 
Chemistry","3
Natural Sciences",312-02,"Physikalische Chemie von Festkörpern und Oberflächen, Materialcharakterisierung","312 
Chemische Festkörper- und Oberflächenforschung","31 
Chemie","3
Naturwissenschaften"
313-01,"Physical Chemistry of Molecules, Liquids and Interfaces, Biophysical Chemistry","313 
Physical Chemistry","31 
Chemistry","3
Natural Sciences",313-01,"Physikalische Chemie von Molekülen, Flüssigkeiten und Grenzflächen, Biophysikalische Chemie","313 
Physikalische Chemie","31 
Chemie","3
Naturwissenschaften"
314-01,Analytical Chemistry,"314 
Analytical Chemistry","31 
Chemistry","3
Natural Sciences",314-01,Analytische Chemie,"314 
Analytische Chemie","31 
Chemie","3
Naturwissenschaften"
315-01,Biological and Biomimetic Chemistry,"315 
Biological Chemistry and Food Chemistry","31 
Chemistry","3
Natural Sciences",315-01,Biologische und Biomimetische Chemie,"315 
Biologische Chemie und Lebensmittelchemie","31 
Chemie","3
Naturwissenschaften"
315-02,Food Chemistry,"315 
Biological Chemistry and Food Chemistry","31 
Chemistry","3
Natural Sciences",315-02,Lebensmittelchemie,"315 
Biologische Chemie und Lebensmittelchemie","31 
Chemie","3
Naturwissenschaften"
316-01,Preparatory and Physical Chemistry of Polymers,"316 
Polymer Research","31 
Chemistry","3
Natural Sciences",316-01,Präparative und Physikalische Chemie von Polymeren,"316 
Polymerforschung","31 
Chemie","3
Naturwissenschaften"
316-02,Experimental and Theoretical Physics of Polymers,"316 
Polymer Research","31 
Chemistry","3
Natural Sciences",316-02,Experimentelle und Theoretische Polymerphysik,"316 
Polymerforschung","31 
Chemie","3
Naturwissenschaften"
316-03,Polymer Materials,"316 
Polymer Research","31 
Chemistry","3
Natural Sciences",316-03,Polymermaterialien,"316 
Polymerforschung","31 
Chemie","3
Naturwissenschaften"
317-01,"Theoretical Chemistry: Electron Structure, Dynamics, Simulation","317
Theoretical Chemistry","31 
Chemistry","3
Natural Sciences",317-01,"Theoretische Chemie: Elektronenstruktur, Dynamik, Simulation","317
Theoretische Chemie","31 
Chemie","3
Naturwissenschaften"
317-02,"Theoretical Chemistry: Molecules, Materials, Surfaces","317
Theoretical Chemistry","31 
Chemistry","3
Natural Sciences",317-02,"Theoretische Chemie: Moleküle, Materialien, Oberflächen","317
Theoretische Chemie","31 
Chemie","3
Naturwissenschaften"
321-01,Experimental Condensed Matter Physics,"321
Condensed Matter Physics","32
Physics","3
Natural Sciences",321-01,Experimentelle Physik der kondensierten Materie,"321
Physik der kondensierten Materie","32
Physik","3
Naturwissenschaften"
321-02,Theoretical Condensed Matter Physics,"321
Condensed Matter Physics","32
Physics","3
Natural Sciences",321-02,Theoretische Physik der kondensierten Materie,"321
Physik der kondensierten Materie","32
Physik","3
Naturwissenschaften"
322-01,"Statistical Physics, Nonlinear Dynamics, Complex Systems, Soft and Fluid Matter, Biological Physics","322
Statistical Physics, Nonlinear Dynamics, Complex Systems, Soft and Fluid Matter, Biological Physics","32
Physics","3
Natural Sciences",322-01,"Statistische Physik, Nichtlineare Dynamik, Komplexe Systeme, Weiche und fluide Materie, Biologische Physik","322
Statistische Physik, Nichtlineare Dynamik, Komplexe Systeme, Weiche und fluide Materie, Biologische Physik","32
Physik","3
Naturwissenschaften"
323-01,"Optics, Quantum Optics and Physics of Atoms, Molecules and Plasmas","323
Optics, Quantum Optics and Physics of Atoms, Molecules and Plasmas","32
Physics","3
Natural Sciences",323-01,"Optik, Quantenoptik und Physik der Atome, Moleküle und Plasmen","323
Optik, Quantenoptik und Physik der Atome, Moleküle und Plasmen","32
Physik","3
Naturwissenschaften"
324-01,"Nuclear and Elementary Particle Physics, Quantum Mechanics, Relativity, Fields","324
Particles, Nuclei and Fields","32
Physics","3
Natural Sciences",324-01,"Kern- und Elementarteilchenphysik, Quantenmechanik, Relativitätstheorie, Felder","324
Teilchen, Kerne und Felder","32
Physik","3
Naturwissenschaften"
325-01,Astrophysics and Astronomy,"325
Astrophysics and Astronomy","32
Physics","3
Natural Sciences",325-01,Astrophysik und Astronomie,"325
Astrophysik und Astronomie","32
Physik","3
Naturwissenschaften"
331-01,Mathematics,"331
Mathematics","33
Mathematics","3
Natural Sciences",331-01,Mathematik,"331
Mathematik","33
Mathematik","3
Naturwissenschaften"
341-01,Atmospheric Science,"341
Atmospheric Science, Oceanography and Climate Research","34
Geosciences","3
Natural Sciences",341-01,Physik und Chemie der Atmosphäre,"341
Atmosphären-, Meeres- und Klimaforschung","34
Geowissen-schaften","3
Naturwissenschaften"
341-02,Oceanography,"341
Atmospheric Science, Oceanography and Climate Research","34
Geosciences","3
Natural Sciences",341-02,"Physik, Chemie und Biologie des Meeres","341
Atmosphären-, Meeres- und Klimaforschung","34
Geowissen-schaften","3
Naturwissenschaften"
342-01,Geology,"342
Geology and Palaeontology","34
Geosciences","3
Natural Sciences",342-01,Geologie,"342
Geologie und Paläontologie","34
Geowissen-schaften","3
Naturwissenschaften"
342-02,Palaeontology,"342
Geology and Palaeontology","34
Geosciences","3
Natural Sciences",342-02,Paläontologie,"342
Geologie und Paläontologie","34
Geowissen-schaften","3
Naturwissenschaften"
343-01,Geophysics,"343
Geophysics and Geodesy","34
Geosciences","3
Natural Sciences",343-01,Physik des Erdkörpers,"343
Geophysik und Geodäsie","34
Geowissen-schaften","3
Naturwissenschaften"
343-02,"Geodesy, Photogrammetry, Remote Sensing, Geoinformatics, Cartography","343
Geophysics and Geodesy","34
Geosciences","3
Natural Sciences",343-02,"Geodäsie, Photogrammetrie, Fernerkundung, Geoinformatik, Kartographie","343
Geophysik und Geodäsie","34
Geowissen-schaften","3
Naturwissenschaften"
344-01,"Mineralogy, Petrology and Geochemistry","344
Mineralogy, Petrology and Geochemistry","34
Geosciences","3
Natural Sciences",344-01,"Mineralogie, Petrologie und Geochemie","344
Mineralogie, Petrologie und Geochemie","34
Geowissen-schaften","3
Naturwissenschaften"
345-01,Physical Geography,"345
Geography","34
Geosciences","3
Natural Sciences",345-01,Physische Geographie,"345
Geographie","34
Geowissen-schaften","3
Naturwissenschaften"
345-02,Human Geography,"345
Geography","34
Geosciences","3
Natural Sciences",345-02,Humangeographie,"345
Geographie","34
Geowissen-schaften","3
Naturwissenschaften"
346-01,"Hydrogeology, Hydrology, Limnology, Urban Water Management, Water Chemistry, Integrated Water Resources Management","346
Water Research","34
Geosciences","3
Natural Sciences",346-01,"Hydrogeologie, Hydrologie, Limnologie, Siedlungswasserwirtschaft, Wasserchemie, Integrierte Wasserressourcen-Bewirtschaftung","346
Wasserforschung","34
Geowissen-schaften","3
Naturwissenschaften"
411-01,Metal-Cutting and Abrasive Manufacturing Engineering,"411 
Production Technology","41 
Mechanical and Industrial Engineering","4 
Engineering Sciences",411-01,Spanende und abtragende Fertigungstechnik,"411 
Produktionstechnik","41
Maschinenbau und Produktionstechnik","4 
Ingenieurwissenschaften"
411-02,"Primary Shaping and Reshaping Technology, Additive Manufacturing","411 
Production Technology","41 
Mechanical and Industrial Engineering","4 
Engineering Sciences",411-02,"Ur- und Umformtechnik, Additive Fertigungsverfahren","411 
Produktionstechnik","41
Maschinenbau und Produktionstechnik","4 
Ingenieurwissenschaften"
411-03,Joining and Separation Technology,"411 
Production Technology","41 
Mechanical and Industrial Engineering","4 
Engineering Sciences",411-03,Fügetechnik und Trenntechnik,"411 
Produktionstechnik","41
Maschinenbau und Produktionstechnik","4 
Ingenieurwissenschaften"
411-04,Plastics Engineering,"411 
Production Technology","41 
Mechanical and Industrial Engineering","4 
Engineering Sciences",411-04,Kunststofftechnik,"411 
Produktionstechnik","41
Maschinenbau und Produktionstechnik","4 
Ingenieurwissenschaften"
411-05,"Production Systems, Operations Management, Quality Management and Factory Planning","411 
Production Technology","41 
Mechanical and Industrial Engineering","4 
Engineering Sciences",411-05,"Produktionssystematik, Betriebswissenschaften, Qualitätsmanagement und Fabrikplanung","411 
Produktionstechnik","41
Maschinenbau und Produktionstechnik","4 
Ingenieurwissenschaften"
411-06,Production Automation and Assembly Technology,"411 
Production Technology","41 
Mechanical and Industrial Engineering","4 
Engineering Sciences",411-06,Produktionsautomatisierung und Montagetechnik,"411 
Produktionstechnik","41
Maschinenbau und Produktionstechnik","4 
Ingenieurwissenschaften"
412-01,"Engineering Design, Machine Elements, Product Development","412
Mechanics and Constructive Mechanical Engineering","41 
Mechanical and Industrial Engineering","4 
Engineering Sciences",412-01,"Konstruktion, Maschinenelemente, Produktentwicklung","412 
Mechanik und Konstruktiver Maschinenbau","41
Maschinenbau und Produktionstechnik","4 
Ingenieurwissenschaften"
412-02,Mechanics,"412
Mechanics and Constructive Mechanical Engineering","41 
Mechanical and Industrial Engineering","4 
Engineering Sciences",412-02,Mechanik,"412 
Mechanik und Konstruktiver Maschinenbau","41
Maschinenbau und Produktionstechnik","4 
Ingenieurwissenschaften"
412-03,"Lightweight Construction, Textile Technology","412
Mechanics and Constructive Mechanical Engineering","41 
Mechanical and Industrial Engineering","4 
Engineering Sciences",412-03,"Leichtbau, Textiltechnik","412 
Mechanik und Konstruktiver Maschinenbau","41
Maschinenbau und Produktionstechnik","4 
Ingenieurwissenschaften"
412-04,Acoustics,"412
Mechanics and Constructive Mechanical Engineering","41 
Mechanical and Industrial Engineering","4 
Engineering Sciences",412-04,Akustik,"412 
Mechanik und Konstruktiver Maschinenbau","41
Maschinenbau und Produktionstechnik","4 
Ingenieurwissenschaften"
421-01,Chemical and Thermal Process Engineering,"421
Process Engineering, Technical Chemistry","42 
Thermal Engineering/ Process Engineering","4 
Engineering Sciences",421-01,Chemische und Thermische Verfahrenstechnik,"421
Verfahrenstechnik, Technische Chemie","42
Wärmetechnik/ Verfahrenstechnik","4 
Ingenieurwissenschaften"
421-02,Technical Chemistry,"421
Process Engineering, Technical Chemistry","42 
Thermal Engineering/ Process Engineering","4 
Engineering Sciences",421-02,Technische Chemie,"421
Verfahrenstechnik, Technische Chemie","42
Wärmetechnik/ Verfahrenstechnik","4 
Ingenieurwissenschaften"
421-03,Mechanical Process Engineering,"421
Process Engineering, Technical Chemistry","42 
Thermal Engineering/ Process Engineering","4 
Engineering Sciences",421-03,Mechanische Verfahrenstechnik,"421
Verfahrenstechnik, Technische Chemie","42
Wärmetechnik/ Verfahrenstechnik","4 
Ingenieurwissenschaften"
421-04,Biological Process Engineering,"421
Process Engineering, Technical Chemistry","42 
Thermal Engineering/ Process Engineering","4 
Engineering Sciences",421-04,Bioverfahrenstechnik,"421
Verfahrenstechnik, Technische Chemie","42
Wärmetechnik/ Verfahrenstechnik","4 
Ingenieurwissenschaften"
421-05,Systems Process Engineering,"421
Process Engineering, Technical Chemistry","42 
Thermal Engineering/ Process Engineering","4 
Engineering Sciences",421-05,Systemverfahrenstechnik,"421
Verfahrenstechnik, Technische Chemie","42
Wärmetechnik/ Verfahrenstechnik","4 
Ingenieurwissenschaften"
422-01,Energy Process Engineering,"422
Fluid Mechanics, Technical Thermodynamics and Thermal Energy Engineering","42 
Thermal Engineering/ Process Engineering","4 
Engineering Sciences",422-01,Energieverfahrenstechnik,"422
Strömungsmechanik, Technische Thermodynamik und Thermische Energietechnik","42
Wärmetechnik/ Verfahrenstechnik","4 
Ingenieurwissenschaften"
422-02,Technical Thermodynamics,"422
Fluid Mechanics, Technical Thermodynamics and Thermal Energy Engineering","42 
Thermal Engineering/ Process Engineering","4 
Engineering Sciences",422-02,Technische Thermodynamik,"422
Strömungsmechanik, Technische Thermodynamik und Thermische Energietechnik","42
Wärmetechnik/ Verfahrenstechnik","4 
Ingenieurwissenschaften"
422-03,Fluid Mechanics,"422
Fluid Mechanics, Technical Thermodynamics and Thermal Energy Engineering","42 
Thermal Engineering/ Process Engineering","4 
Engineering Sciences",422-03,Strömungsmechanik,"422
Strömungsmechanik, Technische Thermodynamik und Thermische Energietechnik","42
Wärmetechnik/ Verfahrenstechnik","4 
Ingenieurwissenschaften"
422-04,Hydraulic and Turbo Engines and Piston Engines,"422
Fluid Mechanics, Technical Thermodynamics and Thermal Energy Engineering","42 
Thermal Engineering/ Process Engineering","4 
Engineering Sciences",422-04,Strömungs- und Kolbenmaschinen,"422
Strömungsmechanik, Technische Thermodynamik und Thermische Energietechnik","42
Wärmetechnik/ Verfahrenstechnik","4 
Ingenieurwissenschaften"
431-01,"Metallurgical, Thermal and Thermomechanical Treatment of Materials","431
Materials Engineering","43 
Materials Science and Engineering","4 
Engineering Sciences",431-01,"Metallurgische, thermische und thermomechanische Behandlung von Werkstoffen","431
Werkstofftechnik","43 
Materialwissenschaft und Werkstofftechnik","4 
Ingenieurwissenschaften"
431-02,Materials in Sintering Processes and Generative Manufacturing Processes,"431
Materials Engineering","43 
Materials Science and Engineering","4 
Engineering Sciences",431-02,Materialien und Werkstoffe der Sinterprozesse und der generativen Fertigungsverfahren,"431
Werkstofftechnik","43 
Materialwissenschaft und Werkstofftechnik","4 
Ingenieurwissenschaften"
431-03,Coating and Surface Technology,"431
Materials Engineering","43 
Materials Science and Engineering","4 
Engineering Sciences",431-03,Beschichtungs- und Oberflächentechnik,"431
Werkstofftechnik","43 
Materialwissenschaft und Werkstofftechnik","4 
Ingenieurwissenschaften"
431-04,Mechanical Properties of Metallic Materials and their Microstructural Origins,"431
Materials Engineering","43 
Materials Science and Engineering","4 
Engineering Sciences",431-04,Mechanische Eigenschaften von metallischen Werkstoffen und ihre mikrostrukturellen Ursachen,"431
Werkstofftechnik","43 
Materialwissenschaft und Werkstofftechnik","4 
Ingenieurwissenschaften"
431-05,"Glass, Ceramics and Derived Composites","431
Materials Engineering","43 
Materials Science and Engineering","4 
Engineering Sciences",431-05,Glas und Keramik und darauf basierende Verbundwerkstoffe,"431
Werkstofftechnik","43 
Materialwissenschaft und Werkstofftechnik","4 
Ingenieurwissenschaften"
431-06,Polymeric and Biogenic Materials and Derived Composites,"431
Materials Engineering","43 
Materials Science and Engineering","4 
Engineering Sciences",431-06,Polymere und biogene Werkstoffe und darauf basierende Verbundwerkstoffe,"431
Werkstofftechnik","43 
Materialwissenschaft und Werkstofftechnik","4 
Ingenieurwissenschaften"
432-01,Synthesis and Properties of Functional Materials,"432
Materials Science","43 
Materials Science and Engineering","4 
Engineering Sciences",432-01,Herstellung und Eigenschaften von Funktionsmaterialien,"432
Materialwissenschaft","43 
Materialwissenschaft und Werkstofftechnik","4 
Ingenieurwissenschaften"
432-02,Biomaterials,"432
Materials Science","43 
Materials Science and Engineering","4 
Engineering Sciences",432-02,Biomaterialien,"432
Materialwissenschaft","43 
Materialwissenschaft und Werkstofftechnik","4 
Ingenieurwissenschaften"
432-03,Thermodynamics and Kinetics as well as Properties of Phases and Microstructure of Materials,"432
Materials Science","43 
Materials Science and Engineering","4 
Engineering Sciences",432-03,Thermodynamik und Kinetik sowie Eigenschaften der Phasen und Gefüge von Werkstoffen,"432
Materialwissenschaft","43 
Materialwissenschaft und Werkstofftechnik","4 
Ingenieurwissenschaften"
432-04,Computer-Aided Design of Materials and Simulation of Materials Behaviour from Atomic to Microscopic Scale,"432
Materials Science","43 
Materials Science and Engineering","4 
Engineering Sciences",432-04,Computergestütztes Werkstoffdesign und Simulation von Werkstoffverhalten von atomistischer bis mikroskopischer Skala,"432
Materialwissenschaft","43 
Materialwissenschaft und Werkstofftechnik","4 
Ingenieurwissenschaften"
441-01,"Automation, Mechatronics, Control Systems, Intelligent Technical Systems, Robotics","441
Systems Engineering","44 
Computer Science, Systems and Electrical Engineering","4 
Engineering Sciences",441-01,"Automatisierungstechnik, Mechatronik, Regelungssysteme, Intelligente Technische Systeme, Robotik","441
Systemtechnik","44 
Informatik, System- und Elektrotechnik","4 
Ingenieurwissenschaften"
441-02,Measurement Systems,"441
Systems Engineering","44 
Computer Science, Systems and Electrical Engineering","4 
Engineering Sciences",441-02,Messsysteme,"441
Systemtechnik","44 
Informatik, System- und Elektrotechnik","4 
Ingenieurwissenschaften"
441-03,Microsystems,"441
Systems Engineering","44 
Computer Science, Systems and Electrical Engineering","4 
Engineering Sciences",441-03,Mikrosysteme,"441
Systemtechnik","44 
Informatik, System- und Elektrotechnik","4 
Ingenieurwissenschaften"
441-04,"Traffic and Transport Systems, Intelligent and Automated Traffic","441
Systems Engineering","44 
Computer Science, Systems and Electrical Engineering","4 
Engineering Sciences",441-04,"Verkehrs- und Transportsysteme, Intelligenter und automatisierter Verkehr","441
Systemtechnik","44 
Informatik, System- und Elektrotechnik","4 
Ingenieurwissenschaften"
441-05,"Human Factors, Ergonomics, Human-Machine Systems","441
Systems Engineering","44 
Computer Science, Systems and Electrical Engineering","4 
Engineering Sciences",441-05,"Arbeitswissenschaft, Ergonomie, Mensch-Maschine-Systeme","441
Systemtechnik","44 
Informatik, System- und Elektrotechnik","4 
Ingenieurwissenschaften"
441-06,Biomedical Systems Technology,"441
Systems Engineering","44 
Computer Science, Systems and Electrical Engineering","4 
Engineering Sciences",441-06,Biomedizinische Systemtechnik,"441
Systemtechnik","44 
Informatik, System- und Elektrotechnik","4 
Ingenieurwissenschaften"
442-01,"Electronic Semiconductors, Components and Circuits, Integrated Systems, Sensor Technology, Theoretical Electrical Engineering","442
Electrical Engineering and Information Technology","44 
Computer Science, Systems and Electrical Engineering","4 
Engineering Sciences",442-01,"Elektronische Halbleiter, Bauelemente und Schaltungen, Integrierte Systeme, Sensorik, Theoretische Elektrotechnik","442
Elektrotechnik und Informationstechnik","44 
Informatik, System- und Elektrotechnik","4 
Ingenieurwissenschaften"
442-02,"Communication Technology and Networks, High-Frequency Technology and Photonic Systems, Signal Processing and Machine Learning for Information Technology","442
Electrical Engineering and Information Technology","44 
Computer Science, Systems and Electrical Engineering","4 
Engineering Sciences",442-02,"Kommunikationstechnik und- netze, Hochfrequenztechnik und photonische Systeme, Signalverarbeitung und maschinelles Lernen für Informationstechnik","442
Elektrotechnik und Informationstechnik","44 
Informatik, System- und Elektrotechnik","4 
Ingenieurwissenschaften"
442-03,"Electrical Energy Systems, Power Management, Power Electronics, Electrical Machines and Drives","442
Electrical Engineering and Information Technology","44 
Computer Science, Systems and Electrical Engineering","4 
Engineering Sciences",442-03,"Elektrische Energiesysteme, Power Management, Leistungselektronik, elektrische Maschinen und Antriebe","442
Elektrotechnik und Informationstechnik","44 
Informatik, System- und Elektrotechnik","4 
Ingenieurwissenschaften"
442-04,"Hardware Systems and Architectures for Information Technology and Artificial Intelligence, Quantum Engineering Systems","442
Electrical Engineering and Information Technology","44 
Computer Science, Systems and Electrical Engineering","4 
Engineering Sciences",442-04,"Hardwaresysteme und -architekturen für die Informationstechnik und die Künstliche Intelligenz, Quantentechnische Systeme","442
Elektrotechnik und Informationstechnik","44 
Informatik, System- und Elektrotechnik","4 
Ingenieurwissenschaften"
443-01,Theoretical Computer Science,"443
Computer Science","44 
Computer Science, Systems and Electrical Engineering","4 
Engineering Sciences",443-01,Theoretische Informatik,"443
Informatik","44 
Informatik, System- und Elektrotechnik","4 
Ingenieurwissenschaften"
443-02,Software Engineering and Programming Languages,"443
Computer Science","44 
Computer Science, Systems and Electrical Engineering","4 
Engineering Sciences",443-02,Softwaretechnik und Programmiersprachen,"443
Informatik","44 
Informatik, System- und Elektrotechnik","4 
Ingenieurwissenschaften"
443-03,"Security and Dependability, Operating, Communication and Distributed Systems","443
Computer Science","44 
Computer Science, Systems and Electrical Engineering","4 
Engineering Sciences",443-03,"Sicherheit und Verlässlichkeit, Betriebs-, Kommunikations- und verteilte Systeme","443
Informatik","44 
Informatik, System- und Elektrotechnik","4 
Ingenieurwissenschaften"
443-04,Artificial Intelligence and Machine Learning Methods,"443
Computer Science","44 
Computer Science, Systems and Electrical Engineering","4 
Engineering Sciences",443-04,Künstliche Intelligenz und Maschinelle Lernverfahren,"443
Informatik","44 
Informatik, System- und Elektrotechnik","4 
Ingenieurwissenschaften"
443-05,"Image and Language Processing, Computer Graphics and Visualisation, Human Computer Interaction, Ubiquitous and Wearable Computing","443
Computer Science","44 
Computer Science, Systems and Electrical Engineering","4 
Engineering Sciences",443-05,"Bild- und Sprachverarbeitung, Computergraphik und Visualisierung, Human Computer Interaction, Ubiquitous und Wearable Computing","443
Informatik","44 
Informatik, System- und Elektrotechnik","4 
Ingenieurwissenschaften"
443-06,"Data Management, Data-Intensive Systems, Computer Science Methods in Business Informatics","443
Computer Science","44 
Computer Science, Systems and Electrical Engineering","4 
Engineering Sciences",443-06,"Datenmanagement, datenintensive Systeme, Informatik-Methoden in der Wirtschaftsinformatik","443
Informatik","44 
Informatik, System- und Elektrotechnik","4 
Ingenieurwissenschaften"
443-07,"Computer Architecture, Embedded and Massively Parallel Systems","443
Computer Science","44 
Computer Science, Systems and Electrical Engineering","4 
Engineering Sciences",443-07,"Rechnerarchitektur, eingebettete und massiv parallele Systeme","443
Informatik","44 
Informatik, System- und Elektrotechnik","4 
Ingenieurwissenschaften"
451-01,"Architecture, Building and Construction History, Construction Research, Sustainable Building Technology","451
Construction Engineering and Architecture","45 
Construction Engineering and Architecture","4 
Engineering Sciences",451-01,"Architektur, Bau- und Konstruktionsgeschichte, Bauforschung, Ressourcenökonomie im Bauwesen","451
Bauwesen und Architektur","45
Bauwesen und Architektur","4 
Ingenieurwissenschaften"
451-02,"Urbanism, Spatial Planning, Transportation and Infrastructure Planning, Landscape Planning","451
Construction Engineering and Architecture","45 
Construction Engineering and Architecture","4 
Engineering Sciences",451-02,"Städtebau/Stadtentwicklung, Raumplanung, Verkehrs- und Infrastrukturplanung, Landschaftsplanung","451
Bauwesen und Architektur","45
Bauwesen und Architektur","4 
Ingenieurwissenschaften"
451-03,"Construction Material Sciences, Chemistry, Building Physics","451
Construction Engineering and Architecture","45 
Construction Engineering and Architecture","4 
Engineering Sciences",451-03,"Baustoffwissenschaften, Bauchemie, Bauphysik","451
Bauwesen und Architektur","45
Bauwesen und Architektur","4 
Ingenieurwissenschaften"
451-04,"Structural Engineering, Building Informatics and Construction Operation","451
Construction Engineering and Architecture","45 
Construction Engineering and Architecture","4 
Engineering Sciences",451-04,"Konstruktiver Ingenieurbau, Bauinformatik und Baubetrieb","451
Bauwesen und Architektur","45
Bauwesen und Architektur","4 
Ingenieurwissenschaften"
451-05,"Applied Mechanics, Statics and Dynamics","451
Construction Engineering and Architecture","45 
Construction Engineering and Architecture","4 
Engineering Sciences",451-05,"Angewandte Mechanik, Statik und Dynamik","451
Bauwesen und Architektur","45
Bauwesen und Architektur","4 
Ingenieurwissenschaften"
451-06,"Geotechnics, Hydraulic Engineering","451
Construction Engineering and Architecture","45 
Construction Engineering and Architecture","4 
Engineering Sciences",451-06,"Geotechnik, Wasserbau","451
Bauwesen und Architektur","45
Bauwesen und Architektur","4 
Ingenieurwissenschaften"
